annual_income_k,spending_score
33.97,33.58
28.89,35.61
35.18,40.83
42.18,40.54
28.13,16.22
28.13,20.62
42.63,35.15
36.14,35.14
26.24,35.15
34.34,68.53
26.29,35.71
26.27,41.36
31.94,39.54
14.69,36.51
16.2,26.85
25.5,37.59
21.9,22.27
32.51,27.63
22.74,25.15
18.7,30.82
41.73,53.15
28.19,11.33
30.54,36.86
18.6,13.87
25.64,25.28
30.89,40.89
20.79,30.64
33.01,19.22
25.19,22.85
27.67,36.8
25.19,22.7
44.82,32.16
29.89,30.46
21.54,23.48
36.58,51.44
20.23,36.34
31.67,9.75
14.32,31.86
19.37,23.38
31.57,38.52
35.91,22.07
31.37,28.85
29.07,35.05
27.59,38.66
18.17,18.0
24.24,26.65
26.31,25.25
38.46,23.47
32.75,47.65
15.9,34.05
32.59,17.39
26.92,39.18
24.58,51.22
34.89,40.32
38.25,14.81
37.45,25.16
23.29,42.67
27.53,22.92
32.65,34.44
37.8,37.75
26.17,20.73
28.51,29.4
21.15,1.0
20.43,19.76
36.5,27.47
40.85,17.52
29.42,46.32
38.03,15.7
32.89,25.6
24.84,31.31
32.89,44.41
42.3,15.64
29.71,41.63
42.52,30.1
10.0,20.18
36.58,34.62
30.7,31.99
27.61,24.0
30.73,30.7
14.1,26.15
28.24,31.14
32.86,36.62
41.82,45.86
25.85,17.62
23.53,51.33
25.99,10.48
37.32,28.48
32.63,35.88
25.76,32.81
34.11,23.77
30.78,27.92
37.75,25.07
24.38,24.11
27.38,38.5
26.86,33.57
18.29,23.07
32.37,39.0
32.09,33.07
30.04,38.13
28.12,36.3
18.68,21.71
26.63,24.4
27.26,37.47
23.58,36.1
28.71,29.79
33.23,31.17
45.09,42.78
31.4,24.08
32.06,35.47
29.4,27.98
14.65,27.82
29.79,40.99
30.48,38.25
49.71,38.14
28.46,43.05
32.41,30.21
29.72,36.82
20.65,26.9
39.14,33.24
36.02,28.7
36.33,30.97
22.72,35.95
41.22,21.82
18.79,50.92
34.69,19.94
47.52,17.86
22.08,41.58
25.47,37.92
30.8,36.24
25.97,36.28
17.59,29.88
30.55,21.03
21.5,30.76
33.79,23.23
22.64,39.75
42.4,28.53
23.73,21.75
27.42,26.79
36.51,34.13
20.15,24.36
31.82,21.78
40.46,32.44
17.14,32.45
31.48,24.93
32.08,25.29
36.25,32.32
20.1,15.52
19.44,15.93
34.18,22.82
32.38,27.87
32.0,33.11
32.77,44.75
24.56,38.58
31.86,28.4
32.34,29.81
24.29,19.97
44.93,29.81
33.79,27.11
20.47,33.23
35.25,21.73
22.2,35.19
36.3,45.33
39.27,28.91
23.43,34.02
37.71,36.9
33.3,25.99
36.58,32.24
45.17,30.13
28.04,30.98
23.97,22.27
22.88,30.25
23.47,34.98
29.38,44.51
32.73,39.59
32.21,51.53
36.62,22.33
30.1,38.72
41.63,31.83
27.88,51.9
51.76,21.92
35.01,21.6
23.14,24.01
21.43,8.76
33.86,24.74
28.21,22.41
35.71,31.5
33.79,33.42
29.42,48.76
23.23,39.5
17.88,24.23
26.43,21.02
36.85,34.92
31.71,16.8
20.03,48.31
31.39,41.79
33.08,25.31
22.93,12.87
31.23,43.54
30.47,28.85
20.86,42.38
55.87,82.57
67.81,65.78
75.06,83.7
75.56,88.56
69.6,79.13
82.47,93.77
62.19,67.26
73.29,62.55
76.44,57.21
81.17,89.96
83.54,81.54
61.5,74.44
56.59,77.8
90.33,63.75
78.99,99.46
66.02,76.29
93.61,76.09
76.39,82.26
89.15,79.81
75.81,77.24
99.73,67.1
96.06,79.71
72.01,93.82
86.66,88.45
82.74,90.93
91.42,69.89
63.42,65.1
83.23,73.74
87.7,75.56
53.9,85.94
60.8,58.08
50.53,90.3
71.77,73.42
83.61,70.73
93.03,64.88
75.89,58.45
94.54,83.23
58.44,75.73
54.56,62.1
74.33,62.05
79.61,71.64
74.61,91.69
50.19,72.4
73.93,59.97
59.35,72.54
83.04,72.27
79.4,48.03
63.72,74.46
68.83,72.69
62.29,81.96
74.25,93.49
86.46,86.27
63.17,72.31
81.05,63.93
68.64,100.0
65.49,75.59
73.72,75.14
62.58,74.76
68.36,76.98
60.63,73.56
98.58,69.26
75.42,69.53
66.6,74.67
77.57,69.57
73.65,67.87
72.35,76.06
82.37,72.45
84.09,90.04
68.63,48.49
68.09,85.92
71.7,87.46
47.38,54.27
56.82,71.57
91.4,71.29
94.74,60.92
72.01,67.22
81.92,63.89
78.74,92.52
111.95,84.36
88.43,87.72
73.46,82.22
63.53,63.71
55.72,69.75
77.44,79.89
65.92,62.78
57.93,82.13
67.24,72.6
62.02,71.25
95.25,82.11
85.58,79.44
74.9,71.39
92.76,86.59
75.93,64.19
64.66,81.16
93.28,80.93
81.47,71.9
62.55,78.26
72.72,62.49
64.49,84.24
58.41,73.15
86.11,69.77
97.91,85.49
58.22,67.96
81.76,60.92
67.19,59.43
69.15,81.06
67.89,62.2
64.63,92.55
75.58,54.18
65.03,91.96
78.25,77.11
74.4,74.03
72.13,69.55
64.11,78.99
68.08,74.62
84.06,86.03
81.01,76.14
63.27,76.5
76.19,71.36
84.02,74.43
54.97,78.08
81.52,57.9
67.05,61.52
81.85,82.43
65.84,76.71
53.34,73.16
55.47,75.18
75.58,78.48
78.12,69.6
64.15,67.22
82.66,76.96
55.06,65.22
74.21,79.08
60.47,57.97
67.18,85.29
75.57,79.73
64.68,77.56
70.39,84.83
87.08,91.65
68.08,85.14
85.03,56.59
61.44,62.2
81.36,68.75
92.3,75.26
45.34,80.18
65.44,67.74
81.92,76.87
72.56,67.45
79.45,68.88
67.75,60.93
76.04,65.77
73.13,61.48
89.01,65.24
78.05,85.54
79.05,65.51
70.06,100.0
69.15,79.93
69.81,76.85
79.73,66.42
69.95,82.0
78.48,69.24
99.9,76.22
85.45,100.0
71.09,74.04
89.41,86.49
70.1,67.97
50.54,74.65
62.9,92.71
52.55,68.73
70.78,93.12
75.22,82.08
95.12,69.38
78.92,81.32
72.37,84.73
84.95,81.22
48.47,59.3
77.83,67.73
84.25,72.52
57.26,74.26
88.73,81.21
79.06,76.78
70.02,61.65
82.59,78.8
102.25,81.11
77.18,80.6
77.98,85.81
69.49,83.34
64.8,79.59
84.96,74.3
64.73,58.39
75.86,79.3
69.27,77.08
80.75,77.72
79.0,62.23
87.45,64.19
68.88,85.53
71.76,74.6
63.25,81.82
69.67,75.28
79.53,75.3
81.26,43.99
63.81,39.25
71.15,30.6
64.45,23.53
64.79,36.98
66.29,33.93
72.67,38.95
64.26,36.35
85.07,40.5
59.26,24.65
67.76,43.17
64.72,31.98
87.36,50.75
72.36,23.11
82.38,47.36
52.17,31.98
73.2,23.49
80.68,25.16
70.99,26.8
82.79,34.24
63.79,35.23
86.91,24.26
97.59,29.76
65.65,51.42
64.65,47.28
87.44,34.36
88.95,30.38
63.73,31.2
64.96,36.14
66.62,19.77
53.87,27.43
58.98,13.31
57.95,33.99
60.79,36.47
69.58,25.17
72.81,45.74
88.61,17.74
58.02,15.36
81.81,32.24
67.43,40.47
69.41,46.84
78.1,25.41
56.53,40.79
74.59,29.61
72.0,28.27
75.91,38.84
73.47,36.52
99.46,14.24
62.35,44.77
63.63,43.8
62.52,23.74
63.33,33.96
62.35,34.94
84.27,32.61
87.05,24.5
63.15,23.28
60.01,29.74
75.66,41.73
63.37,35.44
77.6,26.29
72.44,37.72
51.81,1.51
88.57,41.49
91.55,12.6
62.65,26.38
65.35,18.8
73.43,17.05
74.01,41.61
77.9,25.32
94.12,33.47
67.88,29.53
60.42,34.77
53.45,30.77
61.23,17.17
69.6,39.96
91.53,25.06
63.79,14.43
72.69,25.72
69.8,45.01
84.26,38.5
100.32,26.51
63.63,26.51
64.13,26.78
82.53,50.77
78.18,33.82
92.16,34.3
77.01,40.3
65.69,32.39
77.09,27.41
83.3,28.04
79.85,29.28
76.09,29.63
82.8,37.28
84.03,30.52
86.59,37.33
77.78,29.19
67.99,30.79
71.76,10.02
84.48,39.16
60.2,33.46
74.42,39.98
65.28,1.04
70.34,50.88
85.34,28.6
72.29,41.08
70.56,19.6
53.68,36.13
78.96,19.47
77.75,23.76
95.96,49.14
66.31,28.09
72.63,32.17
72.99,38.7
88.93,34.96
68.86,31.5
73.35,33.65
77.29,54.03
72.24,29.42
64.64,32.01
72.33,40.51
82.88,41.06
57.68,41.87
71.6,36.39
61.6,18.57
84.34,46.33
51.72,18.54
63.29,33.03
74.53,22.46
88.79,29.36
69.21,33.29
63.34,33.21
92.57,34.22
52.62,46.14
43.61,34.54
75.28,27.56
63.98,39.64
57.75,41.89
78.5,17.72
72.93,35.97
63.23,37.01
54.64,27.02
80.47,43.76
77.8,28.5
68.81,31.26
92.16,28.27
57.16,30.16
51.69,19.04
61.7,15.6
69.45,45.95
72.92,21.53
67.11,20.09
74.22,8.47
54.98,23.61
87.33,16.77
69.01,46.42
83.41,40.1
74.11,23.12
75.48,52.52
76.84,39.82
75.37,26.75
77.71,5.01
85.95,52.91
72.36,16.1
78.51,13.55
68.92,40.23
87.28,54.4
61.88,43.84
91.61,35.64
69.52,35.95
52.83,38.53
71.54,37.59
61.83,32.81
80.09,31.04
62.17,29.37
64.65,22.46
47.33,27.19
64.57,13.07
40.91,29.02
50.99,20.11
79.12,18.96
79.43,31.8
75.11,43.92
58.4,39.18
69.43,14.29
69.96,20.1
56.1,39.41
88.04,20.18
80.53,27.75
67.35,35.5
70.32,20.32
72.5,31.05
45.5,16.66
67.03,23.99
61.82,33.2
57.98,14.07
66.63,34.4
91.57,29.8
77.69,35.52
63.15,32.24
76.87,43.64
